,id,name,age,email,city
0,1,Alice Johnson,28,alice.johnson@example.com,New York
1,2,Bob Smith,34,bob.smith@example.com,Los Angeles
2,3,Charlie Davis,25,charlie.davis@example.com,Chicago
3,4,Diana Evans,31,diana.evans@example.com,Houston
4,5,Ethan Brown,29,ethan.brown@example.com,Phoenix
5,6,Fiona Wilson,27,fiona.wilson@example.com,Philadelphia
6,7,George Clark,33,george.clark@example.com,San Antonio
7,8,Hannah Lewis,26,hannah.lewis@example.com,San Diego
8,9,Ian Walker,30,ian.walker@example.com,Dallas
9,10,Julia Hall,32,julia.hall@example.com,San Jose
